Flow Duration,Total Fwd Packets,Fwd Packet Length Max,Fwd Packet Length Mean,Fwd Packet Length Std,Bwd Packet Length Mean,Flow Bytes/s,Flow IAT Min,Fwd IAT Total,Fwd IAT Mean,Bwd IAT Total,Bwd IAT Std,Bwd IAT Max,Bwd IAT Min,Fwd PSH Flags,Fwd Header Length,Packet Length Max,Packet Length Std,Packet Length Variance,SYN Flag Count,URG Flag Count,Avg Fwd Segment Size,Subflow Fwd Packets,Subflow Fwd Bytes,Subflow Bwd Bytes,Init Fwd Win Bytes,Init Bwd Win Bytes,Fwd Seg Size Min,Active Std,Active Max,Idle Std,Idle Max,Label
3488.791,380540,1156.848,795.411,0.0,0.0,86759488713.355,0.002,3190.687,0.008,0.0,0.0,0.0,0.0,0,3044320,1156.848,289.212,83643.574,0,0,795.411,380540,302685689.463,0.0,-1,-1,8,0.0,0.0,0.0,0.0,DDoS
1363501.714,13,53.758,23.234,12.773,41.341,555.036,18304.677,1197636.008,99803.001,1227151.543,161139.546,761858.212,23393.383,7,260,107.232,12.773,163.152,1,0,23.234,13,302.043,454.749,29200,235,32,0.0,0.0,0.0,0.0,BruteForce
33050158.393,49,155.89,68.078,40.439,101.349,251.192,106454.947,30028580.916,625595.436,29745142.553,750568.485,2078167.443,71214.289,24,980,700.0,40.439,1635.325,1,0,68.078,49,3335.81,4966.122,29200,235,32,0.0,0.0,488207.052,1151501.682,Benign
9692.979,11,571.238,144.943,181.521,4.83,165484.102,84.641,9256.278,925.628,8723.681,17340.162,45262.671,1154.485,3,220,571.238,181.521,32949.84,1,0,144.943,11,1594.373,9.661,29200,0,32,0.0,0.0,0.0,0.0,DoS
24.189,1102812,40.0,40.0,0.0,0.0,1823621975241.732,0.0,22.0,0.0,0.0,0.0,0.0,0.0,0,22056240,40.0,10.0,100.0,1102812,0,40.0,1102812,44112480.0,0.0,0,0,20,0.0,0.0,0.0,0.0,DDoS
34134804.41,641,144.435,84.71,30.629,1087.092,48437.693,11609.093,33160210.975,51812.83,30721323.969,24678.321,72875.105,1005.148,0,12820,1460.0,30.629,938.11,1,0,84.71,641,54298.827,1599112.364,64240,65535,20,546588.02,1281183.265,64974.823,425676.311,Benign
12448.81,1,59.864,58.753,0.0,206.7,21323.549,0.0,0.0,0.0,0.0,0.0,0.0,0.0,0,8,119.083,0.278,0.077,0,0,58.753,1,58.753,206.7,-1,-1,8,0.0,0.0,0.0,0.0,Benign
79075767.901,11,9.198,4.933,3.036,27.213,1.374,1438815.731,71732944.991,7173294.499,71168191.111,82560450.858,196057129.757,1370202.047,0,220,25.158,3.036,9.216,1,0,4.933,11,54.26,54.425,29200,229,32,0.0,0.0,9490690.169,21996948.261,DoS
31.73,1,0.0,0.0,0.0,0.0,0.0,0.0,0.0,0.0,0.0,0.0,0.0,0.0,0,20,0.0,0.0,0.0,1,0,0.0,1,0.0,0.0,4096,-1,32,0.0,0.0,0.0,0.0,PortScan
247.909,4296152,40.0,40.0,0.0,0.0,693182072810.937,0.0,214.189,0.0,0.0,0.0,0.0,0.0,0,85923040,40.0,10.0,100.0,4296152,0,40.0,4296152,171846080.0,0.0,0,0,20,0.0,0.0,0.0,0.0,DDoS
191.743,3,0.0,0.0,0.0,0.0,0.0,2.605,176.845,88.422,0.0,0.0,0.0,0.0,0,60,0.0,0.0,0.0,1,0,0.0,3,0.0,0.0,8192,-1,20,0.0,0.0,0.0,0.0,DDoS
77967090.351,1267,92.995,42.324,23.883,1135.383,4692.43,10411.977,74661898.738,58974.644,70170381.316,455345.15,1287843.897,46609.753,0,25340,1460.0,23.883,570.42,1,0,42.324,1267,53624.938,312230.213,64240,65535,20,1337006.345,3037893.248,339258.702,1255140.504,Benign
2817403.917,21,48.137,35.478,25.459,64.22,629.144,31420.714,2574047.95,128702.397,2535663.525,237530.255,1336784.433,12331.047,2,420,77.798,25.459,648.148,1,0,35.478,21,745.038,1027.515,29200,235,32,0.0,0.0,0.0,0.0,BruteForce
200.962,202206,881.949,861.984,0.0,0.0,867321165455.116,0.0,170.864,0.001,0.0,0.0,0.0,0.0,0,1617648,881.949,220.487,48614.666,0,0,861.984,202206,174298274.047,0.0,-1,-1,8,0.0,0.0,0.0,0.0,DDoS
1.422,1087150,40.0,40.0,0.0,0.0,30582149977577.22,0.0,1.231,0.0,0.0,0.0,0.0,0.0,0,21743000,40.0,10.0,100.0,1087150,0,40.0,1087150,43486000.0,0.0,0,0,20,0.0,0.0,0.0,0.0,DDoS
7920506.755,4851,102.188,87.841,38.901,1249.888,1859235.189,52.113,6897030.425,1422.068,7128456.079,786.703,2756.797,59.42,0,97020,1460.0,38.901,1513.277,1,0,87.841,4851,426116.585,14299968.291,64240,65535,20,608891.473,3963160.752,217501.685,909905.087,Benign
70006.296,1,32.752,35.194,0.0,94.871,1857.906,0.0,0.0,0.0,0.0,0.0,0.0,0.0,0,8,246.205,0.0,0.0,0,0,35.194,1,35.194,94.871,-1,-1,8,0.0,0.0,0.0,0.0,Benign
93613994.132,1628,132.078,69.577,6.714,1093.814,5836.971,5922.409,79630873.466,48943.376,84252594.719,271302.743,1293378.517,1470.016,0,32560,1460.0,15.625,244.15,1,0,69.577,1628,113271.777,433150.368,64240,65535,20,3305457.094,7213155.664,280802.691,644328.969,Benign
3.074,2,0.0,0.0,0.0,0.0,0.0,0.538,2.801,2.801,0.0,0.0,0.0,0.0,0,40,0.0,0.0,0.0,1,0,0.0,2,0.0,0.0,65535,-1,20,0.0,0.0,0.0,0.0,DDoS
244493.267,9,257.275,123.308,169.968,1016.929,54451.036,6660.167,230829.421,28853.678,220043.94,18440.696,119154.51,2914.02,0,180,1460.0,169.968,28889.023,1,0,123.308,9,1109.768,12203.143,8192,65535,20,0.0,0.0,85330.784,152920.929,Benign
21950649.919,9882,81.601,51.752,44.152,1272.381,1049752.01,286.972,19796508.815,2003.492,19755584.927,1343.667,3499.739,29.961,0,197640,1460.0,44.152,1949.439,1,0,51.752,9882,511414.753,22531324.128,64240,65535,20,68243.821,357740.006,1168222.55,2686143.376,Benign
87.153,2459048,601.151,1307.756,0.0,0.0,36898879994711.3,0.0,77.308,0.0,0.0,0.0,0.0,0.0,0,19672384,601.151,150.288,22586.433,0,0,1307.756,2459048,3215835782.511,0.0,-1,-1,8,0.0,0.0,0.0,0.0,DDoS
7.024,1,0.0,0.0,0.0,0.0,0.0,0.0,0.0,0.0,0.0,0.0,0.0,0.0,0,20,0.0,0.0,0.0,1,0,0.0,1,0.0,0.0,3072,-1,28,0.0,0.0,0.0,0.0,PortScan
15.278,1,0.0,0.0,0.0,0.0,0.0,0.0,0.0,0.0,0.0,0.0,0.0,0.0,0,20,0.0,0.0,0.0,1,0,0.0,1,0.0,0.0,14600,-1,24,0.0,0.0,0.0,0.0,PortScan
35263019.33,1433,138.75,60.181,34.79,1017.39,8562.118,2456.08,31204748.677,21791.026,31736717.397,204084.988,676484.609,1624.675,0,28660,1460.0,34.79,1210.317,1,0,60.181,1433,86239.444,215686.685,64240,65535,20,533835.166,1724824.336,25980.036,172240.34,Benign
2436403.839,17,114.512,51.529,51.345,567.304,4085.064,6089.059,2075951.53,129746.971,2192763.455,254471.681,1043651.342,10975.52,0,340,1460.0,51.345,2636.35,1,0,51.529,17,876.001,9076.865,8192,64240,20,0.0,0.0,292070.538,1827310.683,Benign
2307.864,1456061,881.999,1241.253,0.0,0.0,783122504405.026,0.0,2065.576,0.001,0.0,0.0,0.0,0.0,0,11648488,881.999,220.5,48620.185,0,0,1241.253,1456061,1807339994.884,0.0,-1,-1,8,0.0,0.0,0.0,0.0,DDoS
74096051.979,23491,77.069,75.483,39.413,1243.048,685096.448,278.002,71543882.494,3045.717,66686446.781,1595.734,8039.75,150.633,0,469820,1460.0,39.413,1553.377,1,0,75.483,23491,1773170.104,48989771.923,64240,65535,20,276401.058,591388.111,51161.318,104273.166,Benign
3969.772,1,59.927,47.246,0.0,193.167,60561.045,0.0,0.0,0.0,0.0,0.0,0.0,0.0,0,8,173.09,3.17,10.051,0,0,47.246,1,47.246,193.167,-1,-1,8,0.0,0.0,0.0,0.0,Benign
21330700.873,192,118.948,39.04,65.355,68.483,977.464,7577.054,19594971.743,102591.475,19197630.786,136527.589,490800.281,1755.391,11,3840,700.0,65.355,4271.3,1,0,39.04,192,7495.753,13354.249,29200,227,32,0.0,0.0,1312806.916,3134729.289,Benign
31957.994,9,487.056,379.968,103.609,45.265,108422.912,717.143,27893.001,3486.625,0.0,0.0,0.0,0.0,2,180,487.056,110.448,12198.727,1,0,379.968,9,3419.714,45.265,8192,235,32,0.0,0.0,0.0,0.0,DoS
4.626,2,0.0,0.0,0.0,0.0,0.0,0.712,4.299,4.299,0.0,0.0,0.0,0.0,0,40,0.0,0.0,0.0,1,0,0.0,2,0.0,0.0,8192,-1,20,0.0,0.0,0.0,0.0,DDoS
113460226.248,11,6.608,1.34,3.846,4.514,0.17,553530.72,96588278.682,9658827.868,0.0,0.0,0.0,0.0,0,220,6.608,3.846,14.794,1,0,1.34,11,14.74,4.514,29200,229,32,0.0,0.0,12883558.985,82951299.412,DoS
3880.14,11,338.438,362.511,98.423,64.061,1027701.22,43.36,3298.401,329.84,0.0,0.0,0.0,0.0,3,220,338.438,98.423,9687.099,1,0,362.511,11,3987.625,0.0,8192,235,32,0.0,0.0,0.0,0.0,DoS
180900.121,6,605.867,320.947,171.511,57.673,10963.824,2976.905,170095.805,34019.161,0.0,0.0,0.0,0.0,3,120,605.867,171.511,29415.958,1,0,320.947,6,1925.684,57.673,8192,235,32,0.0,0.0,0.0,0.0,DoS
194219.522,17,322.001,56.797,70.518,442.005,68693.879,37.907,190304.924,11894.058,174797.57,7589.523,24893.831,777.506,0,340,1460.0,70.518,4972.769,1,0,56.797,17,965.545,12376.147,8192,28960,20,0.0,0.0,49756.246,110198.011,Benign
25694446.682,53,184.519,74.539,52.672,116.883,453.983,102434.503,22399437.577,430758.415,23125002.014,644465.895,1316161.838,40108.142,11,1060,700.0,52.672,2774.335,1,0,74.539,53,3950.571,7714.266,29200,501,32,0.0,0.0,1127089.383,3531057.783,Benign
215.415,1233027,1039.322,1302.337,0.0,0.0,7454520474577.493,0.0,186.904,0.0,0.0,0.0,0.0,0.0,0,9864216,1039.322,259.83,67511.827,0,0,1302.337,1233027,1605817026.782,0.0,-1,-1,8,0.0,0.0,0.0,0.0,DDoS
42823560.287,180,111.136,81.643,50.719,78.068,638.499,48870.229,37223827.793,207954.345,38541204.258,464007.461,1629097.219,28521.142,29,3600,700.0,50.719,2572.416,1,0,81.643,180,14695.766,12647.047,29200,235,32,0.0,0.0,22299676.476,38916491.94,Benign
81453473.851,1283,98.828,61.966,26.91,1144.263,3293.972,14863.684,79343535.983,61890.434,73308126.466,841070.302,2244747.378,46727.113,0,25660,1460.0,26.91,724.172,1,0,61.966,1283,79502.09,188803.384,64240,65535,20,1231378.849,5453881.387,240989.434,464610.625,Benign
422.01,1351166,40.0,40.0,0.0,0.0,128069542973.887,0.0,394.762,0.0,0.0,0.0,0.0,0.0,0,27023320,40.0,10.0,100.0,1351166,0,40.0,1351166,54046640.0,0.0,0,0,20,0.0,0.0,0.0,0.0,DDoS
19056.099,3,472.531,193.259,173.67,100.944,30424.777,1216.846,16844.593,8422.297,0.0,0.0,0.0,0.0,2,60,472.531,173.67,30161.177,1,0,193.259,3,579.778,0.0,29200,235,32,0.0,0.0,0.0,0.0,DoS
801047.953,16,89.43,24.681,26.366,59.665,1610.221,12470.062,784140.41,52276.027,720943.158,52118.042,118473.626,3560.343,6,320,92.813,26.366,695.174,1,0,24.681,16,394.896,894.969,29200,227,32,0.0,0.0,0.0,0.0,BruteForce
324572.648,50,410.034,88.152,129.489,529.157,132592.963,1802.694,304694.688,6218.259,292115.383,2673.043,11530.596,342.439,1,1000,1460.0,129.489,16767.495,1,0,88.152,50,4407.59,38628.46,64240,65535,20,0.0,0.0,497134.194,877535.754,Benign
1.11,1,0.0,0.0,0.0,0.0,0.0,0.0,0.0,0.0,0.0,0.0,0.0,0.0,0,20,0.0,0.0,0.0,1,0,0.0,1,0.0,0.0,14600,-1,32,0.0,0.0,0.0,0.0,PortScan
47881.843,1,48.611,59.454,0.0,150.726,4389.561,0.0,0.0,0.0,0.0,0.0,0.0,0.0,0,8,204.672,0.0,0.0,0,0,59.454,1,59.454,150.726,-1,-1,8,0.0,0.0,0.0,0.0,Benign
2599370.693,9,305.788,95.685,116.087,617.552,5082.848,83907.118,2240329.036,280041.13,2339433.624,124715.257,776425.377,19907.212,0,180,1460.0,116.087,13476.282,1,0,95.685,9,861.165,12351.041,29200,65535,20,0.0,0.0,63321.057,208312.839,Benign
4638586.993,13,46.9,21.741,25.815,40.825,192.949,55581.362,4015431.203,334619.267,4174728.294,521481.392,911921.172,25428.742,2,260,121.939,25.815,666.402,1,0,21.741,13,282.633,612.379,29200,235,32,0.0,0.0,0.0,0.0,BruteForce
31944.3,1,53.409,58.084,0.0,151.08,6547.785,0.0,0.0,0.0,0.0,0.0,0.0,0.0,0,8,131.508,0.0,0.0,0,0,58.084,1,58.084,151.08,-1,-1,8,0.0,0.0,0.0,0.0,Benign
199302.957,14,81.155,24.384,17.97,69.616,5555.072,3666.34,181928.149,13994.473,179372.661,19540.45,130054.241,3500.341,7,280,81.155,17.97,322.926,1,0,24.384,14,341.371,765.771,29200,235,32,0.0,0.0,0.0,0.0,BruteForce
105191701.681,205,246.467,57.898,40.579,210.8,541.68,7859.056,103030878.298,505053.325,94672531.513,770658.691,987538.672,33409.966,6,4100,700.0,47.142,2222.375,1,0,57.898,205,11869.174,45111.116,29200,227,32,0.0,0.0,10088003.99,23050243.616,Benign
26.729,1,0.0,0.0,0.0,0.0,0.0,0.0,0.0,0.0,0.0,0.0,0.0,0.0,0,20,0.0,0.0,0.0,1,0,0.0,1,0.0,0.0,3072,-1,24,0.0,0.0,0.0,0.0,PortScan
23694481.618,269,75.416,64.647,24.773,1228.972,3482.898,23642.279,22674416.997,84606.034,21325033.456,696699.946,2031176.339,49342.475,0,5380,1460.0,24.773,613.715,1,0,64.647,269,17389.943,65135.527,64240,65535,20,492697.856,3331438.309,64037.12,403887.732,Benign
24532142.613,925,102.399,66.736,24.783,1306.0,6668.756,1605.955,22772918.195,24646.015,22078928.351,274101.335,626498.77,25206.326,0,18500,1460.0,24.783,614.21,1,0,66.736,925,61730.91,101867.964,64240,65535,20,942353.965,3577498.008,352656.716,669557.028,Benign
10.951,538476,40.0,40.0,0.0,0.0,1966936667827.814,0.0,9.337,0.0,0.0,0.0,0.0,0.0,0,10769520,40.0,10.0,100.0,538476,0,40.0,538476,21539040.0,0.0,0,0,20,0.0,0.0,0.0,0.0,DDoS
66606587.944,644,141.23,72.586,32.566,1074.072,3797.926,1142.616,62704047.859,97517.959,59945929.15,606685.488,1593241.143,27355.909,0,12880,1460.0,32.566,1060.521,1,0,72.586,644,46745.086,206221.774,64240,65535,20,611869.186,1264428.154,81623.924,538767.0,Benign
49292.182,1,34.193,37.994,0.0,150.797,3830.031,0.0,0.0,0.0,0.0,0.0,0.0,0.0,0,8,139.209,0.0,0.0,0,0,37.994,1,37.994,150.797,-1,-1,8,0.0,0.0,0.0,0.0,Benign
613.856,299193,1073.396,946.964,0.0,0.0,461549262456.996,0.0,550.491,0.002,0.0,0.0,0.0,0.0,0,2393544,1073.396,268.349,72011.162,0,0,946.964,299193,283324981.924,0.0,-1,-1,8,0.0,0.0,0.0,0.0,DDoS
43553369.508,74,223.162,48.742,60.238,133.621,358.934,110969.632,38239298.695,523826.01,39198032.557,225077.483,2960352.689,58711.307,13,1480,700.0,60.238,3628.643,1,0,48.742,74,3606.908,12025.88,29200,227,32,0.0,0.0,569161.07,1727568.504,Benign
6187.966,10,640.534,310.176,184.949,40.719,501256.788,29.922,5471.842,607.982,0.0,0.0,0.0,0.0,2,200,640.534,184.949,34206.139,1,0,310.176,10,3101.76,0.0,8192,235,32,0.0,0.0,0.0,0.0,DoS
1402656.56,8,545.683,120.725,168.507,424.17,3107.791,35246.54,1331663.423,190237.632,1262390.904,355328.265,1022403.474,2136.247,1,160,1460.0,168.507,28394.576,1,0,120.725,8,965.8,3393.363,8192,28960,20,0.0,0.0,156339.478,288410.453,Benign
283.961,2795332,1300.163,1150.75,0.0,0.0,11328041654646.5,0.0,257.056,0.0,0.0,0.0,0.0,0.0,0,22362656,1300.163,325.041,105651.51,0,0,1150.75,2795332,3216726984.963,0.0,-1,-1,8,0.0,0.0,0.0,0.0,DDoS
3086777.65,12,89.228,42.541,29.647,68.12,452.268,46442.463,2755335.868,250485.079,2778099.885,307754.984,597723.778,39197.506,3,240,89.228,29.647,878.964,1,0,42.541,12,510.493,885.56,29200,227,32,0.0,0.0,0.0,0.0,BruteForce
78016936.1,24949,162.538,54.564,32.004,1176.552,1023152.388,323.13,77068322.822,3089.158,70215242.49,981.67,6741.262,158.196,0,498980,1460.0,32.004,1024.284,1,0,54.564,24949,1361321.299,78461893.188,64240,65535,20,664457.397,4443107.214,111449.988,925099.768,Benign
15919945.527,2411,88.277,52.687,10.883,1126.64,298273.927,516.784,14468897.384,6003.692,14327950.974,6773.77,22750.657,379.53,0,48220,1460.0,10.883,118.449,1,0,52.687,2411,127027.554,4621477.109,64240,65535,20,175738.046,383039.53,188299.481,865551.498,Benign
69700880.947,7,10.606,6.712,1.671,0.225,0.677,2348345.73,60595580.932,10099263.489,0.0,0.0,0.0,0.0,0,140,20.168,2.595,6.735,1,0,6.712,7,46.987,0.225,29200,229,32,0.0,0.0,20372388.611,69051619.101,DoS
70616867.382,113,205.114,75.511,41.605,179.189,374.579,54136.691,60859184.354,543385.575,63555180.643,721390.527,1444233.73,63750.451,24,2260,700.0,41.605,1730.947,1,0,75.511,113,8532.762,17918.868,29200,235,32,0.0,0.0,1927789.952,12707785.731,Benign
192565.707,6,306.632,91.242,199.17,70.157,3935.925,603.679,187415.198,37483.04,173309.136,113023.607,496595.854,4797.565,2,120,306.632,199.17,39668.749,1,0,91.242,6,547.454,210.47,8192,0,32,0.0,0.0,0.0,0.0,DoS
1067812.899,34,421.57,177.376,263.037,908.912,49909.665,3898.427,963072.972,29184.029,961031.609,35617.48,110484.541,3104.124,1,680,1460.0,263.037,69188.305,1,0,177.376,34,6030.773,47263.412,29200,28960,20,0.0,0.0,219720.333,582360.887,Benign
198.532,1,0.0,0.0,0.0,0.0,0.0,0.0,0.0,0.0,0.0,0.0,0.0,0.0,0,20,0.0,0.0,0.0,1,0,0.0,1,0.0,0.0,2048,-1,32,0.0,0.0,0.0,0.0,PortScan
3.147,1,0.0,0.0,0.0,0.0,0.0,0.0,0.0,0.0,0.0,0.0,0.0,0.0,0,20,0.0,0.0,0.0,1,0,0.0,1,0.0,0.0,8192,-1,24,0.0,0.0,0.0,0.0,DDoS
16646828.775,1254,101.563,77.43,57.443,1358.174,209556.873,1969.672,15397665.236,12288.639,14982145.898,10641.41,35507.71,966.84,0,25080,1460.0,57.443,3299.686,1,0,77.43,1254,97096.886,3391360.502,64240,65535,20,127601.57,361306.553,125282.759,513290.25,Benign
106376814.08,7,7.957,1.127,1.925,26.217,0.567,3656451.094,96320302.185,16053383.698,95739132.672,145181802.618,608385597.43,10897087.56,0,140,15.22,1.925,3.706,1,0,1.127,7,7.89,52.433,29200,0,32,0.0,0.0,11076245.18,35771803.801,DoS
3247129.241,25,74.129,29.875,12.987,68.462,651.689,28921.406,3150551.826,131272.993,2922416.317,287454.116,503406.89,14533.696,5,500,74.129,12.987,168.675,1,0,29.875,25,746.88,1369.24,29200,227,32,0.0,0.0,0.0,0.0,BruteForce
105462039.167,310,157.959,86.343,23.293,1384.588,7067.639,42772.444,96277414.539,311577.393,94915835.25,166443.958,472443.712,33095.553,0,6200,1460.0,23.293,542.587,1,0,86.343,310,26766.401,718601.27,64240,65535,20,298897.543,1651866.432,357596.124,1413544.589,Benign
105425527.864,7,3.469,2.176,4.443,24.694,0.613,2413677.384,95434077.801,15905679.633,94882975.077,152448128.231,336332797.196,14300140.897,0,140,32.337,4.443,19.742,1,0,2.176,7,15.232,49.387,29200,229,32,0.0,0.0,4114702.65,12381010.087,DoS
6695518.311,145,131.994,74.807,66.841,105.784,3879.347,3816.1,5859231.758,40689.109,6025966.48,59371.649,307552.269,1701.296,7,2900,700.0,66.841,4467.673,1,0,74.807,145,10847.07,15127.171,29200,227,32,0.0,0.0,1067231.777,1821484.4,Benign
64205313.949,11,10.81,6.275,2.112,6.063,1.075,82552.985,56906555.149,5690655.515,0.0,0.0,0.0,0.0,0,220,11.146,2.112,4.462,1,0,6.275,11,69.02,0.0,29200,229,32,0.0,0.0,17044905.559,29404692.441,DoS
176.238,1,0.0,0.0,0.0,0.0,0.0,0.0,0.0,0.0,0.0,0.0,0.0,0.0,0,20,0.0,0.0,0.0,1,0,0.0,1,0.0,0.0,1024,-1,24,0.0,0.0,0.0,0.0,DDoS
20503305.698,709,71.864,49.186,28.718,1048.733,4769.817,5986.511,19095883.451,26971.587,18452975.128,250104.581,2134523.552,44839.484,0,14180,1460.0,28.718,824.727,1,0,49.186,709,34873.045,62923.98,64240,65535,20,753899.105,4946094.795,73779.433,455774.925,Benign
21332346.46,3524,64.649,40.217,26.207,1320.593,53320.543,1089.675,18303419.311,5195.407,19199111.814,43381.471,192928.702,3943.074,0,70480,1460.0,26.207,686.827,1,0,40.217,3524,141725.389,995726.914,64240,65535,20,3076733.169,7069827.916,24536.879,204345.169,Benign
75723042.962,27,223.903,47.035,25.321,249.83,132.245,109953.151,65323369.105,2512437.273,68150738.666,3699282.425,4357632.433,98066.475,27,540,700.0,44.217,1955.164,1,0,47.035,27,1269.932,8744.046,29200,227,32,0.0,0.0,2532904.239,12721634.108,Benign
6338.648,1,46.646,31.122,0.0,130.475,25494.018,0.0,0.0,0.0,0.0,0.0,0.0,0.0,0,8,217.66,3.881,15.061,0,0,31.122,1,31.122,130.475,-1,-1,8,0.0,0.0,0.0,0.0,Benign
7855906.08,24,139.654,79.48,27.194,234.984,1020.52,15841.477,6846468.305,297672.535,7070315.472,190399.38,601510.793,3400.45,9,480,700.0,27.194,739.492,1,0,79.48,24,1907.516,6109.594,29200,227,32,0.0,0.0,1204914.752,3046006.877,Benign
35200.211,39,1010.232,187.975,269.153,1083.657,1254973.612,228.686,33759.096,888.397,31680.19,673.759,5007.782,99.198,1,780,1460.0,269.153,72443.298,1,0,187.975,39,7331.013,36844.323,29200,64240,20,0.0,0.0,361203.641,1234695.355,Benign
3.683,1,0.0,0.0,0.0,0.0,0.0,0.0,0.0,0.0,0.0,0.0,0.0,0.0,0,20,0.0,0.0,0.0,1,0,0.0,1,0.0,0.0,256,-1,24,0.0,0.0,0.0,0.0,DDoS
1656220.034,6,501.181,106.977,110.566,1018.693,7153.331,39070.637,1480696.48,296139.296,1490598.03,109770.243,430290.968,27917.316,1,120,1460.0,110.566,12224.848,1,0,106.977,6,641.864,11205.626,8192,65535,20,0.0,0.0,193222.401,415672.52,Benign
4290.175,1,43.385,50.89,0.0,132.394,42721.715,0.0,0.0,0.0,0.0,0.0,0.0,0.0,0,8,117.287,0.0,0.0,0,0,50.89,1,50.89,132.394,-1,-1,8,0.0,0.0,0.0,0.0,Benign
2.338,1,0.0,0.0,0.0,0.0,0.0,0.0,0.0,0.0,0.0,0.0,0.0,0.0,0,20,0.0,0.0,0.0,1,0,0.0,1,0.0,0.0,1024,-1,20,0.0,0.0,0.0,0.0,DDoS
1.878,1,0.0,0.0,0.0,0.0,0.0,0.0,0.0,0.0,0.0,0.0,0.0,0.0,0,20,0.0,0.0,0.0,1,0,0.0,1,0.0,0.0,1024,0,24,0.0,0.0,0.0,0.0,PortScan
2753.608,1,48.95,54.829,0.0,204.037,94009.595,0.0,0.0,0.0,0.0,0.0,0.0,0.0,0,8,127.36,0.0,0.0,0,0,54.829,1,54.829,204.037,-1,-1,8,0.0,0.0,0.0,0.0,Benign
112562.247,1,53.543,44.021,0.0,63.389,954.231,0.0,0.0,0.0,0.0,0.0,0.0,0.0,0,8,80.737,2.38,5.666,0,0,44.021,1,44.021,63.389,-1,-1,8,0.0,0.0,0.0,0.0,Benign
50.899,2,0.0,0.0,0.0,0.0,0.0,8.372,48.844,48.844,0.0,0.0,0.0,0.0,0,40,0.0,0.0,0.0,1,0,0.0,2,0.0,0.0,8192,-1,24,0.0,0.0,0.0,0.0,DDoS
1.535,1004865,40.0,40.0,0.0,0.0,26180527425743.43,0.0,1.403,0.0,0.0,0.0,0.0,0.0,0,20097300,40.0,10.0,100.0,1004865,0,40.0,1004865,40194600.0,0.0,0,0,20,0.0,0.0,0.0,0.0,DDoS
106732.66,8,395.151,85.021,101.169,927.119,67177.201,1852.387,93217.766,13316.824,96059.394,8550.376,40669.741,2317.425,1,160,1460.0,101.169,10235.147,1,0,85.021,8,680.171,6489.83,64240,65535,20,0.0,0.0,846665.723,2415439.791,Benign
85526670.702,4,7.297,4.434,3.146,13.037,0.665,1650667.681,78469378.143,26156459.381,76974003.632,74272535.06,114747505.168,4284715.34,0,80,7.905,3.146,9.899,1,0,4.434,4,17.737,39.111,29200,229,32,0.0,0.0,10305061.824,89587974.115,DoS
104124090.911,996,91.218,63.242,25.682,1009.122,1496.567,28258.581,99915700.429,100417.789,93711681.82,642692.22,5066558.105,101590.354,0,19920,1460.0,25.682,659.567,1,0,63.242,996,62989.476,92839.182,64240,65535,20,997910.383,3036011.672,594860.4,1766502.633,Benign
12.994,1043381,40.0,40.0,0.0,0.0,3211774191772.77,0.0,11.782,0.0,0.0,0.0,0.0,0.0,0,20867620,40.0,10.0,100.0,1043381,0,40.0,1043381,41735240.0,0.0,0,0,20,0.0,0.0,0.0,0.0,DDoS
25585021.131,23693,191.046,60.239,18.23,922.455,1709892.586,164.371,24941169.4,1052.725,23026519.018,814.57,3686.469,89.741,0,473860,1460.0,32.702,1069.413,1,0,60.239,23693,1427233.236,42320404.698,64240,65535,20,1098596.716,4853067.327,213468.078,439229.11,Benign
5172939.906,1396,133.512,58.362,18.188,982.953,668652.998,464.569,4799638.421,3440.601,4655645.915,2383.534,10764.138,39.546,0,27920,1460.0,18.788,352.971,1,0,58.362,1396,81473.78,3377427.999,64240,65535,20,1231656.418,4791895.095,240728.391,1719185.909,Benign
